Alert ID,Ticker,Name,Description,Time
3359964314,"CME_MINI:MNQ1!, 1m","Complete Automated Trading System - FVG + Position Sizing (100,000, 0.15, 0.25, 20, Top Right, Small, Small, MFE: {mfe}R, 50): alert() function calls only","{""type"":""MFE_UPDATE"",""signal_id"":""20251114_000200000_BEARISH"",""current_price"":25056.5,""be_mfe"":3.9875,""no_be_mfe"":3.9875,""lowest_low"":25004.5,""highest_high"":25096.5,""status"":""active"",""timestamp"":1763103300000}",2025-11-14T06:56:00Z
3359964314,"CME_MINI:MNQ1!, 1m","Complete Automated Trading System - FVG + Position Sizing (100,000, 0.15, 0.25, 20, Top Right, Small, Small, MFE: {mfe}R, 50): alert() function calls only","{""type"":""BE_TRIGGERED"",""signal_id"":""20251114_005000000_BULLISH"",""be_hit"":true,""be_mfe"":1.0731707317,""no_be_mfe"":1.0731707317,""timestamp"":1763103300000}",2025-11-14T06:56:00Z
3359964314,"CME_MINI:MNQ1!, 1m","Complete Automated Trading System - FVG + Position Sizing (100,000, 0.15, 0.25, 20, Top Right, Small, Small, MFE: {mfe}R, 50): alert() function calls only","{""type"":""MFE_UPDATE"",""signal_id"":""20251114_000200000_BEARISH"",""current_price"":25049,""be_mfe"":3.9875,""no_be_mfe"":3.9875,""lowest_low"":25004.5,""highest_high"":25096.5,""status"":""active"",""timestamp"":1763103240000}",2025-11-14T06:55:00Z
3359964314,"CME_MINI:MNQ1!, 1m","Complete Automated Trading System - FVG + Position Sizing (100,000, 0.15, 0.25, 20, Top Right, Small, Small, MFE: {mfe}R, 50): alert() function calls only","{""type"":""MFE_UPDATE"",""signal_id"":""20251114_000200000_BEARISH"",""current_price"":25037.5,""be_mfe"":3.9875,""no_be_mfe"":3.9875,""lowest_low"":25004.5,""highest_high"":25096.5,""status"":""active"",""timestamp"":1763103180000}",2025-11-14T06:54:00Z
3359964314,"CME_MINI:MNQ1!, 1m","Complete Automated Trading System - FVG + Position Sizing (100,000, 0.15, 0.25, 20, Top Right, Small, Small, MFE: {mfe}R, 50): alert() function calls only","{""type"":""MFE_UPDATE"",""signal_id"":""20251114_000200000_BEARISH"",""current_price"":25028.5,""be_mfe"":3.9875,""no_be_mfe"":3.9875,""lowest_low"":25004.5,""highest_high"":25096.5,""status"":""active"",""timestamp"":1763103120000}",2025-11-14T06:53:01Z
3359964314,"CME_MINI:MNQ1!, 1m","Complete Automated Trading System - FVG + Position Sizing (100,000, 0.15, 0.25, 20, Top Right, Small, Small, MFE: {mfe}R, 50): alert() function calls only","{""type"":""MFE_UPDATE"",""signal_id"":""20251114_000200000_BEARISH"",""current_price"":25024.5,""be_mfe"":3.9875,""no_be_mfe"":3.9875,""lowest_low"":25004.5,""highest_high"":25096.5,""status"":""active"",""timestamp"":1763103060000}",2025-11-14T06:52:00Z
3359964314,"CME_MINI:MNQ1!, 1m","Complete Automated Trading System - FVG + Position Sizing (100,000, 0.15, 0.25, 20, Top Right, Small, Small, MFE: {mfe}R, 50): alert() function calls only","{""type"":""ENTRY"",""signal_id"":""20251114_005000000_BULLISH"",""date"":""2025-11-14"",""time"":""01:49:00"",""bias"":""Bullish"",""session"":""LONDON"",""entry_price"":25035.75"",""sl_price"":25015.25"",""risk_distance"":20.5"",""be_price"":25035.75"",""target_1r"":25056.25"",""target_2r"":25076.75"",""target_3r"":25097.25,""be_hit"":false,""be_mfe"":0.00,""no_be_mfe"":0.00,""status"":""active"",""timestamp"":1763102940000}",2025-11-14T06:51:00Z
3359964314,"CME_MINI:MNQ1!, 1m","Complete Automated Trading System - FVG + Position Sizing (100,000, 0.15, 0.25, 20, Top Right, Small, Small, MFE: {mfe}R, 50): alert() function calls only","{""type"":""MFE_UPDATE"",""signal_id"":""20251114_000200000_BEARISH"",""current_price"":25035.75,""be_mfe"":3.9875,""no_be_mfe"":3.9875,""lowest_low"":25004.5,""highest_high"":25096.5,""status"":""active"",""timestamp"":1763103000000}",2025-11-14T06:51:00Z
3359964314,"CME_MINI:MNQ1!, 1m","Complete Automated Trading System - FVG + Position Sizing (100,000, 0.15, 0.25, 20, Top Right, Small, Small, MFE: {mfe}R, 50): alert() function calls only","{""type"":""MFE_UPDATE"",""signal_id"":""20251114_000200000_BEARISH"",""current_price"":25030.5,""be_mfe"":3.9875,""no_be_mfe"":3.9875,""lowest_low"":25004.5,""highest_high"":25096.5,""status"":""active"",""timestamp"":1763102940000}",2025-11-14T06:50:00Z
3359964314,"CME_MINI:MNQ1!, 1m","Complete Automated Trading System - FVG + Position Sizing (100,000, 0.15, 0.25, 20, Top Right, Small, Small, MFE: {mfe}R, 50): alert() function calls only","{""type"":""MFE_UPDATE"",""signal_id"":""20251114_000200000_BEARISH"",""current_price"":25023,""be_mfe"":3.9875,""no_be_mfe"":3.9875,""lowest_low"":25004.5,""highest_high"":25096.5,""status"":""active"",""timestamp"":1763102880000}",2025-11-14T06:49:00Z
3359964314,"CME_MINI:MNQ1!, 1m","Complete Automated Trading System - FVG + Position Sizing (100,000, 0.15, 0.25, 20, Top Right, Small, Small, MFE: {mfe}R, 50): alert() function calls only","{""type"":""MFE_UPDATE"",""signal_id"":""20251114_000200000_BEARISH"",""current_price"":25026.25,""be_mfe"":3.9875,""no_be_mfe"":3.9875,""lowest_low"":25004.5,""highest_high"":25096.5,""status"":""active"",""timestamp"":1763102820000}",2025-11-14T06:48:00Z
3359964314,"CME_MINI:MNQ1!, 1m","Complete Automated Trading System - FVG + Position Sizing (100,000, 0.15, 0.25, 20, Top Right, Small, Small, MFE: {mfe}R, 50): alert() function calls only","{""type"":""MFE_UPDATE"",""signal_id"":""20251114_000200000_BEARISH"",""current_price"":25034.25,""be_mfe"":3.9875,""no_be_mfe"":3.9875,""lowest_low"":25004.5,""highest_high"":25096.5,""status"":""active"",""timestamp"":1763102760000}",2025-11-14T06:47:00Z
3359964314,"CME_MINI:MNQ1!, 1m","Complete Automated Trading System - FVG + Position Sizing (100,000, 0.15, 0.25, 20, Top Right, Small, Small, MFE: {mfe}R, 50): alert() function calls only","{""type"":""MFE_UPDATE"",""signal_id"":""20251114_000200000_BEARISH"",""current_price"":25038.75,""be_mfe"":3.9875,""no_be_mfe"":3.9875,""lowest_low"":25004.5,""highest_high"":25096.5,""status"":""active"",""timestamp"":1763102700000}",2025-11-14T06:46:00Z
3359964314,"CME_MINI:MNQ1!, 1m","Complete Automated Trading System - FVG + Position Sizing (100,000, 0.15, 0.25, 20, Top Right, Small, Small, MFE: {mfe}R, 50): alert() function calls only","{""type"":""MFE_UPDATE"",""signal_id"":""20251114_000200000_BEARISH"",""current_price"":25047.25,""be_mfe"":3.9875,""no_be_mfe"":3.9875,""lowest_low"":25004.5,""highest_high"":25096.5,""status"":""active"",""timestamp"":1763102640000}",2025-11-14T06:45:00Z
3359964314,"CME_MINI:MNQ1!, 1m","Complete Automated Trading System - FVG + Position Sizing (100,000, 0.15, 0.25, 20, Top Right, Small, Small, MFE: {mfe}R, 50): alert() function calls only","{""type"":""ENTRY"",""signal_id"":""20251114_004400000_BULLISH"",""date"":""2025-11-14"",""time"":""01:43:00"",""bias"":""Bullish"",""session"":""LONDON"",""entry_price"":25047.25"",""sl_price"":25004.25"",""risk_distance"":43"",""be_price"":25047.25"",""target_1r"":25090.25"",""target_2r"":25133.25"",""target_3r"":25176.25,""be_hit"":false,""be_mfe"":0.00,""no_be_mfe"":0.00,""status"":""active"",""timestamp"":1763102580000}",2025-11-14T06:45:00Z
3359964314,"CME_MINI:MNQ1!, 1m","Complete Automated Trading System - FVG + Position Sizing (100,000, 0.15, 0.25, 20, Top Right, Small, Small, MFE: {mfe}R, 50): alert() function calls only","{""type"":""MFE_UPDATE"",""signal_id"":""20251114_000200000_BEARISH"",""current_price"":25030.25,""be_mfe"":3.9875,""no_be_mfe"":3.9875,""lowest_low"":25004.5,""highest_high"":25096.5,""status"":""active"",""timestamp"":1763102580000}",2025-11-14T06:44:00Z
3359964314,"CME_MINI:MNQ1!, 1m","Complete Automated Trading System - FVG + Position Sizing (100,000, 0.15, 0.25, 20, Top Right, Small, Small, MFE: {mfe}R, 50): alert() function calls only","{""type"":""MFE_UPDATE"",""signal_id"":""20251114_000200000_BEARISH"",""current_price"":25020.25,""be_mfe"":3.9875,""no_be_mfe"":3.9875,""lowest_low"":25004.5,""highest_high"":25096.5,""status"":""active"",""timestamp"":1763102520000}",2025-11-14T06:43:00Z
3359964314,"CME_MINI:MNQ1!, 1m","Complete Automated Trading System - FVG + Position Sizing (100,000, 0.15, 0.25, 20, Top Right, Small, Small, MFE: {mfe}R, 50): alert() function calls only","{""type"":""MFE_UPDATE"",""signal_id"":""20251114_000200000_BEARISH"",""current_price"":25010.5,""be_mfe"":3.7875,""no_be_mfe"":3.7875,""lowest_low"":25008.5,""highest_high"":25096.5,""status"":""active"",""timestamp"":1763102460000}",2025-11-14T06:42:00Z
3359964314,"CME_MINI:MNQ1!, 1m","Complete Automated Trading System - FVG + Position Sizing (100,000, 0.15, 0.25, 20, Top Right, Small, Small, MFE: {mfe}R, 50): alert() function calls only","{""type"":""MFE_UPDATE"",""signal_id"":""20251114_000200000_BEARISH"",""current_price"":25022,""be_mfe"":3.1125,""no_be_mfe"":3.1125,""lowest_low"":25022,""highest_high"":25096.5,""status"":""active"",""timestamp"":1763102400000}",2025-11-14T06:41:00Z
3359964314,"CME_MINI:MNQ1!, 1m","Complete Automated Trading System - FVG + Position Sizing (100,000, 0.15, 0.25, 20, Top Right, Small, Small, MFE: {mfe}R, 50): alert() function calls only","{""type"":""MFE_UPDATE"",""signal_id"":""20251114_000200000_BEARISH"",""current_price"":25029,""be_mfe"":2.95,""no_be_mfe"":2.95,""lowest_low"":25025.25,""highest_high"":25096.5,""status"":""active"",""timestamp"":1763102340000}",2025-11-14T06:40:00Z
3359964314,"CME_MINI:MNQ1!, 1m","Complete Automated Trading System - FVG + Position Sizing (100,000, 0.15, 0.25, 20, Top Right, Small, Small, MFE: {mfe}R, 50): alert() function calls only","{""type"":""MFE_UPDATE"",""signal_id"":""20251114_000200000_BEARISH"",""current_price"":25031.75,""be_mfe"":2.6625,""no_be_mfe"":2.6625,""lowest_low"":25031,""highest_high"":25096.5,""status"":""active"",""timestamp"":1763102280000}",2025-11-14T06:39:00Z
3359964314,"CME_MINI:MNQ1!, 1m","Complete Automated Trading System - FVG + Position Sizing (100,000, 0.15, 0.25, 20, Top Right, Small, Small, MFE: {mfe}R, 50): alert() function calls only","{""type"":""BE_TRIGGERED"",""signal_id"":""20251114_002200000_BEARISH"",""be_hit"":true,""be_mfe"":1.2840909091,""no_be_mfe"":1.2840909091,""timestamp"":1763102280000}",2025-11-14T06:39:00Z
3359964314,"CME_MINI:MNQ1!, 1m","Complete Automated Trading System - FVG + Position Sizing (100,000, 0.15, 0.25, 20, Top Right, Small, Small, MFE: {mfe}R, 50): alert() function calls only","{""type"":""ENTRY"",""signal_id"":""20251114_003800000_BEARISH"",""date"":""2025-11-14"",""time"":""01:37:00"",""bias"":""Bearish"",""session"":""LONDON"",""entry_price"":25031.75"",""sl_price"":25060.25"",""risk_distance"":28.5"",""be_price"":25031.75"",""target_1r"":25003.25"",""target_2r"":24974.75"",""target_3r"":24946.25,""be_hit"":false,""be_mfe"":0.00,""no_be_mfe"":0.00,""status"":""active"",""timestamp"":1763102220000}",2025-11-14T06:39:00Z
3359964314,"CME_MINI:MNQ1!, 1m","Complete Automated Trading System - FVG + Position Sizing (100,000, 0.15, 0.25, 20, Top Right, Small, Small, MFE: {mfe}R, 50): alert() function calls only","{""type"":""MFE_UPDATE"",""signal_id"":""20251114_000200000_BEARISH"",""current_price"":25041.75,""be_mfe"":2.2875,""no_be_mfe"":2.2875,""lowest_low"":25038.5,""highest_high"":25096.5,""status"":""active"",""timestamp"":1763102220000}",2025-11-14T06:38:00Z
3359964314,"CME_MINI:MNQ1!, 1m","Complete Automated Trading System - FVG + Position Sizing (100,000, 0.15, 0.25, 20, Top Right, Small, Small, MFE: {mfe}R, 50): alert() function calls only","{""type"":""MFE_UPDATE"",""signal_id"":""20251114_000200000_BEARISH"",""current_price"":25056.75,""be_mfe"":2.2875,""no_be_mfe"":2.2875,""lowest_low"":25038.5,""highest_high"":25096.5,""status"":""active"",""timestamp"":1763102160000}",2025-11-14T06:37:00Z
3359964314,"CME_MINI:MNQ1!, 1m","Complete Automated Trading System - FVG + Position Sizing (100,000, 0.15, 0.25, 20, Top Right, Small, Small, MFE: {mfe}R, 50): alert() function calls only","{""type"":""MFE_UPDATE"",""signal_id"":""20251114_000200000_BEARISH"",""current_price"":25054.25,""be_mfe"":2.2875,""no_be_mfe"":2.2875,""lowest_low"":25038.5,""highest_high"":25096.5,""status"":""active"",""timestamp"":1763102100000}",2025-11-14T06:36:00Z
3359964314,"CME_MINI:MNQ1!, 1m","Complete Automated Trading System - FVG + Position Sizing (100,000, 0.15, 0.25, 20, Top Right, Small, Small, MFE: {mfe}R, 50): alert() function calls only","{""type"":""MFE_UPDATE"",""signal_id"":""20251114_000200000_BEARISH"",""current_price"":25057.5,""be_mfe"":2.2875,""no_be_mfe"":2.2875,""lowest_low"":25038.5,""highest_high"":25096.5,""status"":""active"",""timestamp"":1763102040000}",2025-11-14T06:35:00Z
3359964314,"CME_MINI:MNQ1!, 1m","Complete Automated Trading System - FVG + Position Sizing (100,000, 0.15, 0.25, 20, Top Right, Small, Small, MFE: {mfe}R, 50): alert() function calls only","{""type"":""MFE_UPDATE"",""signal_id"":""20251114_000200000_BEARISH"",""current_price"":25055.75,""be_mfe"":2.2875,""no_be_mfe"":2.2875,""lowest_low"":25038.5,""highest_high"":25096.5,""status"":""active"",""timestamp"":1763101980000}",2025-11-14T06:34:00Z
3359964314,"CME_MINI:MNQ1!, 1m","Complete Automated Trading System - FVG + Position Sizing (100,000, 0.15, 0.25, 20, Top Right, Small, Small, MFE: {mfe}R, 50): alert() function calls only","{""type"":""MFE_UPDATE"",""signal_id"":""20251114_000200000_BEARISH"",""current_price"":25046,""be_mfe"":2.2875,""no_be_mfe"":2.2875,""lowest_low"":25038.5,""highest_high"":25096.5,""status"":""active"",""timestamp"":1763101920000}",2025-11-14T06:33:01Z
3359964314,"CME_MINI:MNQ1!, 1m","Complete Automated Trading System - FVG + Position Sizing (100,000, 0.15, 0.25, 20, Top Right, Small, Small, MFE: {mfe}R, 50): alert() function calls only","{""type"":""MFE_UPDATE"",""signal_id"":""20251114_000200000_BEARISH"",""current_price"":25043.75,""be_mfe"":2.175,""no_be_mfe"":2.175,""lowest_low"":25040.75,""highest_high"":25096.5,""status"":""active"",""timestamp"":1763101860000}",2025-11-14T06:32:00Z
3359964314,"CME_MINI:MNQ1!, 1m","Complete Automated Trading System - FVG + Position Sizing (100,000, 0.15, 0.25, 20, Top Right, Small, Small, MFE: {mfe}R, 50): alert() function calls only","{""type"":""MFE_UPDATE"",""signal_id"":""20251114_000200000_BEARISH"",""current_price"":25052.25,""be_mfe"":2.175,""no_be_mfe"":2.175,""lowest_low"":25040.75,""highest_high"":25096.5,""status"":""active"",""timestamp"":1763101800000}",2025-11-14T06:31:00Z
3359964314,"CME_MINI:MNQ1!, 1m","Complete Automated Trading System - FVG + Position Sizing (100,000, 0.15, 0.25, 20, Top Right, Small, Small, MFE: {mfe}R, 50): alert() function calls only","{""type"":""MFE_UPDATE"",""signal_id"":""20251114_000200000_BEARISH"",""current_price"":25048.25,""be_mfe"":2.175,""no_be_mfe"":2.175,""lowest_low"":25040.75,""highest_high"":25096.5,""status"":""active"",""timestamp"":1763101740000}",2025-11-14T06:30:00Z
3359964314,"CME_MINI:MNQ1!, 1m","Complete Automated Trading System - FVG + Position Sizing (100,000, 0.15, 0.25, 20, Top Right, Small, Small, MFE: {mfe}R, 50): alert() function calls only","{""type"":""MFE_UPDATE"",""signal_id"":""20251114_000200000_BEARISH"",""current_price"":25047,""be_mfe"":2.175,""no_be_mfe"":2.175,""lowest_low"":25040.75,""highest_high"":25096.5,""status"":""active"",""timestamp"":1763101680000}",2025-11-14T06:29:00Z
3359964314,"CME_MINI:MNQ1!, 1m","Complete Automated Trading System - FVG + Position Sizing (100,000, 0.15, 0.25, 20, Top Right, Small, Small, MFE: {mfe}R, 50): alert() function calls only","{""type"":""MFE_UPDATE"",""signal_id"":""20251114_000200000_BEARISH"",""current_price"":25053.75,""be_mfe"":2.1625,""no_be_mfe"":2.1625,""lowest_low"":25041,""highest_high"":25096.5,""status"":""active"",""timestamp"":1763101620000}",2025-11-14T06:28:00Z
3359964314,"CME_MINI:MNQ1!, 1m","Complete Automated Trading System - FVG + Position Sizing (100,000, 0.15, 0.25, 20, Top Right, Small, Small, MFE: {mfe}R, 50): alert() function calls only","{""type"":""MFE_UPDATE"",""signal_id"":""20251114_000200000_BEARISH"",""current_price"":25047.75,""be_mfe"":2.1625,""no_be_mfe"":2.1625,""lowest_low"":25041,""highest_high"":25096.5,""status"":""active"",""timestamp"":1763101560000}",2025-11-14T06:27:00Z
3359964314,"CME_MINI:MNQ1!, 1m","Complete Automated Trading System - FVG + Position Sizing (100,000, 0.15, 0.25, 20, Top Right, Small, Small, MFE: {mfe}R, 50): alert() function calls only","{""type"":""MFE_UPDATE"",""signal_id"":""20251114_000200000_BEARISH"",""current_price"":25047.25,""be_mfe"":1.85,""no_be_mfe"":1.85,""lowest_low"":25047.25,""highest_high"":25096.5,""status"":""active"",""timestamp"":1763101500000}",2025-11-14T06:26:00Z
3359964314,"CME_MINI:MNQ1!, 1m","Complete Automated Trading System - FVG + Position Sizing (100,000, 0.15, 0.25, 20, Top Right, Small, Small, MFE: {mfe}R, 50): alert() function calls only","{""type"":""MFE_UPDATE"",""signal_id"":""20251114_000200000_BEARISH"",""current_price"":25055.75,""be_mfe"":1.4375,""no_be_mfe"":1.4375,""lowest_low"":25055.5,""highest_high"":25096.5,""status"":""active"",""timestamp"":1763101440000}",2025-11-14T06:25:00Z
3359964314,"CME_MINI:MNQ1!, 1m","Complete Automated Trading System - FVG + Position Sizing (100,000, 0.15, 0.25, 20, Top Right, Small, Small, MFE: {mfe}R, 50): alert() function calls only","{""type"":""MFE_UPDATE"",""signal_id"":""20251114_000200000_BEARISH"",""current_price"":25059.25,""be_mfe"":1.3875,""no_be_mfe"":1.3875,""lowest_low"":25056.5,""highest_high"":25096.5,""status"":""active"",""timestamp"":1763101380000}",2025-11-14T06:24:00Z
3359964314,"CME_MINI:MNQ1!, 1m","Complete Automated Trading System - FVG + Position Sizing (100,000, 0.15, 0.25, 20, Top Right, Small, Small, MFE: {mfe}R, 50): alert() function calls only","{""type"":""BE_TRIGGERED"",""signal_id"":""20251114_000200000_BEARISH"",""be_hit"":true,""be_mfe"":1.2875,""no_be_mfe"":1.2875,""timestamp"":1763101320000}",2025-11-14T06:23:00Z
3359964314,"CME_MINI:MNQ1!, 1m","Complete Automated Trading System - FVG + Position Sizing (100,000, 0.15, 0.25, 20, Top Right, Small, Small, MFE: {mfe}R, 50): alert() function calls only","{""type"":""MFE_UPDATE"",""signal_id"":""20251114_000200000_BEARISH"",""current_price"":25059.25,""be_mfe"":1.2875,""no_be_mfe"":1.2875,""lowest_low"":25058.5,""highest_high"":25096.5,""status"":""active"",""timestamp"":1763101320000}",2025-11-14T06:23:00Z
3359964314,"CME_MINI:MNQ1!, 1m","Complete Automated Trading System - FVG + Position Sizing (100,000, 0.15, 0.25, 20, Top Right, Small, Small, MFE: {mfe}R, 50): alert() function calls only","{""type"":""ENTRY"",""signal_id"":""20251114_002200000_BEARISH"",""date"":""2025-11-14"",""time"":""01:21:00"",""bias"":""Bearish"",""session"":""LONDON"",""entry_price"":25059.25"",""sl_price"":25081.25"",""risk_distance"":22"",""be_price"":25059.25"",""target_1r"":25037.25"",""target_2r"":25015.25"",""target_3r"":24993.25,""be_hit"":false,""be_mfe"":0.00,""no_be_mfe"":0.00,""status"":""active"",""timestamp"":1763101260000}",2025-11-14T06:23:00Z
3359964314,"CME_MINI:MNQ1!, 1m","Complete Automated Trading System - FVG + Position Sizing (100,000, 0.15, 0.25, 20, Top Right, Small, Small, MFE: {mfe}R, 50): alert() function calls only","{""type"":""MFE_UPDATE"",""signal_id"":""20251114_000200000_BEARISH"",""current_price"":25068.75,""be_mfe"":0.9875,""no_be_mfe"":0.9875,""lowest_low"":25064.5,""highest_high"":25096.5,""status"":""active"",""timestamp"":1763101260000}",2025-11-14T06:22:00Z
3359964314,"CME_MINI:MNQ1!, 1m","Complete Automated Trading System - FVG + Position Sizing (100,000, 0.15, 0.25, 20, Top Right, Small, Small, MFE: {mfe}R, 50): alert() function calls only","{""type"":""MFE_UPDATE"",""signal_id"":""20251114_000200000_BEARISH"",""current_price"":25076.75,""be_mfe"":0.9875,""no_be_mfe"":0.9875,""lowest_low"":25064.5,""highest_high"":25096.5,""status"":""active"",""timestamp"":1763101200000}",2025-11-14T06:21:00Z
3359964314,"CME_MINI:MNQ1!, 1m","Complete Automated Trading System - FVG + Position Sizing (100,000, 0.15, 0.25, 20, Top Right, Small, Small, MFE: {mfe}R, 50): alert() function calls only","{""type"":""MFE_UPDATE"",""signal_id"":""20251114_000200000_BEARISH"",""current_price"":25074.5,""be_mfe"":0.9875,""no_be_mfe"":0.9875,""lowest_low"":25064.5,""highest_high"":25096.5,""status"":""active"",""timestamp"":1763101140000}",2025-11-14T06:20:00Z
3359964314,"CME_MINI:MNQ1!, 1m","Complete Automated Trading System - FVG + Position Sizing (100,000, 0.15, 0.25, 20, Top Right, Small, Small, MFE: {mfe}R, 50): alert() function calls only","{""type"":""MFE_UPDATE"",""signal_id"":""20251114_000200000_BEARISH"",""current_price"":25072,""be_mfe"":0.9875,""no_be_mfe"":0.9875,""lowest_low"":25064.5,""highest_high"":25096.5,""status"":""active"",""timestamp"":1763101080000}",2025-11-14T06:19:00Z
3359964314,"CME_MINI:MNQ1!, 1m","Complete Automated Trading System - FVG + Position Sizing (100,000, 0.15, 0.25, 20, Top Right, Small, Small, MFE: {mfe}R, 50): alert() function calls only","{""type"":""MFE_UPDATE"",""signal_id"":""20251114_000200000_BEARISH"",""current_price"":25069.5,""be_mfe"":0.8125,""no_be_mfe"":0.8125,""lowest_low"":25068,""highest_high"":25096.5,""status"":""active"",""timestamp"":1763101020000}",2025-11-14T06:18:00Z
3359964314,"CME_MINI:MNQ1!, 1m","Complete Automated Trading System - FVG + Position Sizing (100,000, 0.15, 0.25, 20, Top Right, Small, Small, MFE: {mfe}R, 50): alert() function calls only","{""type"":""MFE_UPDATE"",""signal_id"":""20251114_000200000_BEARISH"",""current_price"":25077.75,""be_mfe"":0.7,""no_be_mfe"":0.7,""lowest_low"":25070.25,""highest_high"":25096.5,""status"":""active"",""timestamp"":1763100960000}",2025-11-14T06:17:00Z
3359964314,"CME_MINI:MNQ1!, 1m","Complete Automated Trading System - FVG + Position Sizing (100,000, 0.15, 0.25, 20, Top Right, Small, Small, MFE: {mfe}R, 50): alert() function calls only","{""type"":""MFE_UPDATE"",""signal_id"":""20251114_000200000_BEARISH"",""current_price"":25077.75,""be_mfe"":0.7,""no_be_mfe"":0.7,""lowest_low"":25070.25,""highest_high"":25096.5,""status"":""active"",""timestamp"":1763100900000}",2025-11-14T06:16:00Z
3359964314,"CME_MINI:MNQ1!, 1m","Complete Automated Trading System - FVG + Position Sizing (100,000, 0.15, 0.25, 20, Top Right, Small, Small, MFE: {mfe}R, 50): alert() function calls only","{""type"":""MFE_UPDATE"",""signal_id"":""20251114_000200000_BEARISH"",""current_price"":25079,""be_mfe"":0.7,""no_be_mfe"":0.7,""lowest_low"":25070.25,""highest_high"":25096.5,""status"":""active"",""timestamp"":1763100840000}",2025-11-14T06:15:00Z
3359964314,"CME_MINI:MNQ1!, 1m","Complete Automated Trading System - FVG + Position Sizing (100,000, 0.15, 0.25, 20, Top Right, Small, Small, MFE: {mfe}R, 50): alert() function calls only","{""type"":""ENTRY"",""signal_id"":""20251114_001400000_BEARISH"",""date"":""2025-11-14"",""time"":""01:13:00"",""bias"":""Bearish"",""session"":""LONDON"",""entry_price"":25079"",""sl_price"":25096"",""risk_distance"":17"",""be_price"":25079"",""target_1r"":25062"",""target_2r"":25045"",""target_3r"":25028,""be_hit"":false,""be_mfe"":0.00,""no_be_mfe"":0.00,""status"":""active"",""timestamp"":1763100780000}",2025-11-14T06:15:00Z
3359964314,"CME_MINI:MNQ1!, 1m","Complete Automated Trading System - FVG + Position Sizing (100,000, 0.15, 0.25, 20, Top Right, Small, Small, MFE: {mfe}R, 50): alert() function calls only","{""type"":""MFE_UPDATE"",""signal_id"":""20251114_000200000_BEARISH"",""current_price"":25079.75,""be_mfe"":0.7,""no_be_mfe"":0.7,""lowest_low"":25070.25,""highest_high"":25096.5,""status"":""active"",""timestamp"":1763100780000}",2025-11-14T06:14:00Z
3359964314,"CME_MINI:MNQ1!, 1m","Complete Automated Trading System - FVG + Position Sizing (100,000, 0.15, 0.25, 20, Top Right, Small, Small, MFE: {mfe}R, 50): alert() function calls only","{""type"":""MFE_UPDATE"",""signal_id"":""20251114_000200000_BEARISH"",""current_price"":25085.75,""be_mfe"":0.7,""no_be_mfe"":0.7,""lowest_low"":25070.25,""highest_high"":25096.5,""status"":""active"",""timestamp"":1763100720000}",2025-11-14T06:13:00Z
3359964314,"CME_MINI:MNQ1!, 1m","Complete Automated Trading System - FVG + Position Sizing (100,000, 0.15, 0.25, 20, Top Right, Small, Small, MFE: {mfe}R, 50): alert() function calls only","{""type"":""MFE_UPDATE"",""signal_id"":""20251114_000200000_BEARISH"",""current_price"":25090,""be_mfe"":0.7,""no_be_mfe"":0.7,""lowest_low"":25070.25,""highest_high"":25096.5,""status"":""active"",""timestamp"":1763100660000}",2025-11-14T06:12:00Z
3359964314,"CME_MINI:MNQ1!, 1m","Complete Automated Trading System - FVG + Position Sizing (100,000, 0.15, 0.25, 20, Top Right, Small, Small, MFE: {mfe}R, 50): alert() function calls only","{""type"":""MFE_UPDATE"",""signal_id"":""20251114_000200000_BEARISH"",""current_price"":25092.75,""be_mfe"":0.7,""no_be_mfe"":0.7,""lowest_low"":25070.25,""highest_high"":25096.5,""status"":""active"",""timestamp"":1763100600000}",2025-11-14T06:11:00Z
3359964314,"CME_MINI:MNQ1!, 1m","Complete Automated Trading System - FVG + Position Sizing (100,000, 0.15, 0.25, 20, Top Right, Small, Small, MFE: {mfe}R, 50): alert() function calls only","{""type"":""MFE_UPDATE"",""signal_id"":""20251114_000200000_BEARISH"",""current_price"":25085.25,""be_mfe"":0.7,""no_be_mfe"":0.7,""lowest_low"":25070.25,""highest_high"":25096.5,""status"":""active"",""timestamp"":1763100540000}",2025-11-14T06:10:00Z
3359964314,"CME_MINI:MNQ1!, 1m","Complete Automated Trading System - FVG + Position Sizing (100,000, 0.15, 0.25, 20, Top Right, Small, Small, MFE: {mfe}R, 50): alert() function calls only","{""type"":""MFE_UPDATE"",""signal_id"":""20251114_000200000_BEARISH"",""current_price"":25089.75,""be_mfe"":0.7,""no_be_mfe"":0.7,""lowest_low"":25070.25,""highest_high"":25096.5,""status"":""active"",""timestamp"":1763100480000}",2025-11-14T06:09:00Z
3359964314,"CME_MINI:MNQ1!, 1m","Complete Automated Trading System - FVG + Position Sizing (100,000, 0.15, 0.25, 20, Top Right, Small, Small, MFE: {mfe}R, 50): alert() function calls only","{""type"":""MFE_UPDATE"",""signal_id"":""20251114_000200000_BEARISH"",""current_price"":25093.25,""be_mfe"":0.7,""no_be_mfe"":0.7,""lowest_low"":25070.25,""highest_high"":25096.5,""status"":""active"",""timestamp"":1763100420000}",2025-11-14T06:08:00Z
3359964314,"CME_MINI:MNQ1!, 1m","Complete Automated Trading System - FVG + Position Sizing (100,000, 0.15, 0.25, 20, Top Right, Small, Small, MFE: {mfe}R, 50): alert() function calls only","{""type"":""MFE_UPDATE"",""signal_id"":""20251114_000200000_BEARISH"",""current_price"":25089.5,""be_mfe"":0.7,""no_be_mfe"":0.7,""lowest_low"":25070.25,""highest_high"":25096.5,""status"":""active"",""timestamp"":1763100360000}",2025-11-14T06:07:00Z
3359964314,"CME_MINI:MNQ1!, 1m","Complete Automated Trading System - FVG + Position Sizing (100,000, 0.15, 0.25, 20, Top Right, Small, Small, MFE: {mfe}R, 50): alert() function calls only","{""type"":""MFE_UPDATE"",""signal_id"":""20251114_000200000_BEARISH"",""current_price"":25094,""be_mfe"":0.7,""no_be_mfe"":0.7,""lowest_low"":25070.25,""highest_high"":25096.5,""status"":""active"",""timestamp"":1763100300000}",2025-11-14T06:06:00Z
3359964314,"CME_MINI:MNQ1!, 1m","Complete Automated Trading System - FVG + Position Sizing (100,000, 0.15, 0.25, 20, Top Right, Small, Small, MFE: {mfe}R, 50): alert() function calls only","{""type"":""MFE_UPDATE"",""signal_id"":""20251114_000200000_BEARISH"",""current_price"":25076.75,""be_mfe"":0.7,""no_be_mfe"":0.7,""lowest_low"":25070.25,""highest_high"":25084.5,""status"":""active"",""timestamp"":1763100240000}",2025-11-14T06:05:00Z
3359964314,"CME_MINI:MNQ1!, 1m","Complete Automated Trading System - FVG + Position Sizing (100,000, 0.15, 0.25, 20, Top Right, Small, Small, MFE: {mfe}R, 50): alert() function calls only","{""type"":""MFE_UPDATE"",""signal_id"":""20251114_000200000_BEARISH"",""current_price"":25076.5,""be_mfe"":0.4625,""no_be_mfe"":0.4625,""lowest_low"":25075,""highest_high"":25084.5,""status"":""active"",""timestamp"":1763100180000}",2025-11-14T06:04:00Z
3359964314,"CME_MINI:MNQ1!, 1m","Complete Automated Trading System - FVG + Position Sizing (100,000, 0.15, 0.25, 20, Top Right, Small, Small, MFE: {mfe}R, 50): alert() function calls only","{""type"":""ENTRY"",""signal_id"":""20251114_000200000_BEARISH"",""date"":""2025-11-14"",""time"":""01:00:00"",""bias"":""Bearish"",""session"":""LONDON"",""entry_price"":25084.25"",""sl_price"":25104.25"",""risk_distance"":20"",""be_price"":25084.25"",""target_1r"":25064.25"",""target_2r"":25044.25"",""target_3r"":25024.25,""be_hit"":false,""be_mfe"":0.00,""no_be_mfe"":0.00,""status"":""active"",""timestamp"":1763100000000}",2025-11-14T06:03:00Z